"country","Difference"
"Qatar",21.745416666666664
"Niger",21.4925
"Sudan",20.743333333333332
"Burkina Faso",20.38458333333333
"Kazakhstan",20.19375
