"country","Difference"
"Niger",21.4925
"Burkina Faso",20.38458333333333
"Sudan",19.922916666666666
"Mauritania",19.804583333333333
"Qatar",19.649583333333336
